{
  "Python.pdf": {
    "mtime": 1781451552.6504526,
    "size": 716124
  },
  "工业互联网智能制造边缘计算—现状与挑战.pdf": {
    "mtime": 1781453868.912551,
    "size": 2461175
  }
}